pl_name,hostname,ra,dec,sy_dist,sy_vmag,disc_year,discoverymethod
"Proxima Cen d","Proxima Cen",217.3934657,-62.6761821,1.30119000,11.0100000,2025,"Radial Velocity"
"Barnard c","Barnard's star",269.4486144,4.7379808,1.82655000,9.5400000,2025,"Radial Velocity"
"GJ 887 b","GJ 887",346.5027573,-35.8473489,3.28679000,7.5600000,2020,"Radial Velocity"
"GJ 229 A c","GJ 229",92.6435993,-21.8677233,5.75624000,8.1500000,2020,"Radial Velocity"
"GJ 581 c","GJ 581",229.8564725,-7.7226935,6.29810000,10.5700000,2007,"Radial Velocity"
"61 Vir b","61 Vir",199.5964550,-18.3157745,8.50332000,4.6955000,2009,"Radial Velocity"
"Ross 508 b","Ross 508",230.9613022,17.4605347,11.21030000,14.1800000,2022,"Radial Velocity"
"GJ 180 d","GJ 180",73.4600970,-17.7761940,11.94070000,10.9140000,2020,"Radial Velocity"
"GJ 317 b","GJ 317",130.2445254,-23.4528090,15.19680000,12.4000000,2007,"Radial Velocity"
"GJ 3942 b","GJ 3942",242.2645452,52.9441443,16.92870000,10.1660000,2017,"Radial Velocity"
"GJ 3998 b","GJ 3998",259.0020507,11.0561751,18.14590000,10.8440000,2016,"Radial Velocity"
"16 Cyg B b","16 Cyg B",295.4656422,50.5168243,21.13970000,6.2150000,1996,"Radial Velocity"
"HD 4308 b","HD 4308",11.1652594,-65.6527159,22.01580000,6.5500000,2005,"Radial Velocity"
"HD 1461 c","HD 1461",4.6762645,-8.0536206,23.45340000,6.4793300,2015,"Radial Velocity"
"HIP 70849 b","HIP 70849",217.3270762,-46.4646840,24.05720000,10.4210000,2011,"Radial Velocity"
"HD 150706 b","HD 150706",247.8255687,79.7894032,28.26970000,7.0300000,2012,"Radial Velocity"
"HD 64114 b","HD 64114",117.9825560,-11.0337221,31.52620000,7.7100000,2019,"Radial Velocity"
"HD 98736 b","HD 98736",170.4549045,18.1896082,32.44590000,7.9300000,2018,"Radial Velocity"
"HD 40979 b","HD 40979",91.1253346,44.2597855,34.08830000,6.7551200,2002,"Radial Velocity"
"HD 196885 A b","HD 196885 A",309.9664609,11.2500236,34.16920000,6.3967700,2007,"Radial Velocity"
"HD 92788 c","HD 92788",160.7021351,-2.1847173,34.65380000,7.3163700,2019,"Radial Velocity"
"TOI-7166 b","TOI-7166",320.6806363,8.8893975,35.41530000,15.7900000,2025,"Transit"
"HD 169830 c","HD 169830",276.9561859,-29.8167919,37.60480000,5.9000000,2003,"Radial Velocity"
"GJ 2126 b","GJ 2126",257.3606793,-35.3917190,38.12900000,10.7000000,2025,"Radial Velocity"
"TOI-1759 b","TOI-1759",326.8516615,62.7538164,40.06540000,11.9300000,2022,"Transit"
"HR 8799 e","HR 8799",346.8701486,21.1340376,41.24410000,5.9800000,2010,"Imaging"
"HR 8799 b","HR 8799",346.8701486,21.1340376,41.24410000,5.9800000,2008,"Imaging"
"TOI-1776 b","TOI-1776",164.7772913,40.9837182,44.64700000,8.2600000,2024,"Transit"
"HD 15906 b","HD 15906",38.2712534,-10.3521780,45.56210000,9.7800000,2023,"Transit"
"TOI-1860 b","TOI-1860",226.4567308,64.0476821,45.86400000,8.4000000,2022,"Transit"
"HD 24040 b","HD 24040",57.5962104,17.4752873,46.62240000,7.5150000,2006,"Radial Velocity"
"TOI-206 b","TOI-206",73.7382202,-62.5218740,47.74650000,14.9380000,2022,"Transit"
"HD 196050 b","HD 196050",309.4637796,-60.6347649,50.67420000,7.5000000,2002,"Radial Velocity"
"HD 72659 c","HD 72659",128.5128072,-1.5686323,51.89490000,7.4600000,2022,"Radial Velocity"
"HD 191939 c","HD 191939",302.0256247,66.8503014,53.60890000,8.9700000,2020,"Transit"
"HD 89839 b","HD 89839",155.1688790,-53.6640291,57.30630000,7.6400000,2023,"Radial Velocity"
"HD 74156 b","HD 74156",130.6047813,4.5772338,57.60300000,7.6100000,2003,"Radial Velocity"
"HD 207832 c","HD 207832",328.1517893,-26.0271749,58.92910000,8.7800000,2012,"Radial Velocity"
"TOI-286 b","TOI-286",90.9842762,-60.6663348,59.22930000,9.8660000,2024,"Transit"
"HIP 65407 c","HIP 65407",201.0876630,48.8847322,61.78040000,9.3800000,2016,"Radial Velocity"
"HD 188641 b","HD 188641",299.4048303,-37.7448845,64.33990000,7.3400000,2022,"Radial Velocity"
"TOI-1203 e","TOI-1203",168.2267358,-34.4069371,64.99430000,8.5900000,2025,"Radial Velocity"
"HD 27969 b","HD 27969",66.7068364,42.9087200,67.93280000,7.6600000,2021,"Radial Velocity"
"TOI-1410.01","TOI-1410",334.8828486,42.5603141,72.75120000,11.1110000,2024,"Transit"
"TOI-1410 c","TOI-1410",334.8828486,42.5603141,72.75120000,11.1110000,2024,"Radial Velocity"
"TOI-2141 b","TOI-2141",258.7623456,18.3403449,77.68200000,9.4600000,2023,"Transit"
"HIP 10090 c","HIP 10090",32.4351198,-30.7470844,82.39370000,8.9400000,2026,"Radial Velocity"
"TOI-283 b","TOI-283",118.5693065,-65.4414820,82.70130000,10.4100000,2025,"Transit"
"HD 43691 b","HD 43691",94.8946124,41.0920773,85.60090000,8.0300000,2007,"Radial Velocity"
"HD 81688 b","HD 81688",142.1665753,45.6009241,85.71830000,5.3975500,2007,"Radial Velocity"
"HD 1605 b","HD 1605",5.1317548,30.9750611,88.80470000,7.5200000,2015,"Radial Velocity"
"HD 222076 b","HD 222076",354.5319820,-70.9032461,91.15380000,7.4700000,2016,"Radial Velocity"
"TOI-1782.01","TOI-1782",213.0787718,74.4117909,95.26490000,12.3290000,2024,"Transit"
"TOI-5624 e","TOI-5624",180.8443476,49.2512257,101.91300000,10.8100000,2026,"Transit"
"HD 180902 b","HD 180902",289.8239604,-23.5582432,104.57700000,7.7800000,2009,"Radial Velocity"
"TOI-1279 b","TOI-1279",185.0628734,56.2014094,107.05500000,10.7140000,2024,"Transit"
"GSC 06214-00210 b","GSC 06214-00210",245.4776921,-20.7193398,108.50000000,12.4160000,2010,"Imaging"
"K2-312 c","HD 80653",140.3390845,14.3678691,109.86000000,9.4520000,2023,"Radial Velocity"
"HD 80653 b","HD 80653",140.3390845,14.3678691,109.86000000,9.4520000,2020,"Transit"
"TOI-1744.01","TOI-1744",294.2910707,60.8813020,114.39000000,9.5430000,2024,"Transit"
"K2-130 b","K2-130",290.2705419,-19.6908744,118.01100000,12.6760000,2017,"Transit"
"K2-275 b","K2-275",132.1698795,20.4550162,123.43800000,11.9740000,2018,"Transit"
"K2-148 b","K2-148",14.5176494,-0.1932580,124.45800000,13.6270000,2018,"Transit"
"TOI-1444 b","TOI-1444",305.4749252,70.9437054,125.46300000,10.9360000,2021,"Transit"
"V830 Tau b","V830 Tau",68.2918259,24.5619241,130.11100000,12.2300000,2016,"Radial Velocity"
"TOI-707 b","TOI-707",98.7295889,-67.5372743,130.95900000,10.7100000,2026,"Transit"
"HD 95089 b","HD 95089",164.6987480,1.7290087,136.95700000,7.9200000,2009,"Radial Velocity"
"HD 180053 b","HD 180053",288.4008374,34.9146658,137.04300000,7.9300000,2018,"Radial Velocity"
"XO-2 S d","XO-2 S",117.0309753,50.2169068,151.39800000,11.1960000,2024,"Radial Velocity"
"HIP 8541 b","HIP 8541",27.5271962,-54.4651633,155.12100000,7.8800000,2016,"Radial Velocity"
"K2-338 b","K2-338",124.3609294,17.0241557,156.95100000,13.3220000,2021,"Transit"
"TOI-1768.01","TOI-1768",152.1027826,55.5399599,157.59700000,10.4190000,2024,"Transit"
"KOINTREAU-1 b","XEST 17-036",68.3592880,22.7580560,158.61800000,,2026,"Imaging"
"CoRoT-7 d","CoRoT-7",100.9561682,-1.0630076,159.90600000,11.7280000,2022,"Radial Velocity"
"TIC 38825265 b","TIC 38825265",68.2492759,-65.2039666,165.63800000,14.1340000,2026,"Transit"
"K2-343 c","K2-343",134.2021746,21.5026882,166.16900000,16.0100000,2021,"Transit"
"Kepler-296 b","Kepler-296",286.5400278,49.4372614,167.00000000,16.3630000,2014,"Transit"
"WASP-105 b","WASP-105",24.1678686,-50.6593080,169.27200000,12.0490000,2017,"Transit"
"Kepler-617 b","Kepler-617",283.7407247,47.5161237,173.35400000,15.5490000,2016,"Transit"
"TOI-205 b","TOI-205",7.9754636,-56.9650808,177.75900000,9.9210000,2026,"Transit"
"Qatar-2 b","Qatar-2",207.6554928,-6.8040714,181.37400000,13.4430000,2011,"Transit"
"ZTF J1230-2655 b","ZTF J1230-2655",187.5689308,-26.9309608,186.69000000,18.9116000,2025,"Transit"
"K2-104 b","K2-104",129.6366594,19.7737202,189.28900000,15.9890000,2016,"Transit"
"Kepler-249 d","Kepler-249",296.9853002,43.6586043,190.40100000,16.3700000,2014,"Transit"
"K2-201 c","K2-201",293.5607117,-23.1312775,197.93200000,12.1680000,2018,"Transit"
"HAT-P-27 b","HAT-P-27",222.7673221,5.9473626,199.17300000,12.0520000,2011,"Transit"
"K2-401 b","K2-401",154.9876040,3.9548275,200.72700000,14.0140000,2022,"Transit"
"Kepler-19 b","Kepler-19",290.4209694,37.8516556,218.56200000,12.0350000,2011,"Transit"
"HD 5583 b","HD 5583",14.4869460,34.9853306,219.21600000,7.6040000,2016,"Radial Velocity"
"HD 174205 b","HD 174205",280.7932014,70.7928237,234.02700000,6.2820900,2022,"Radial Velocity"
"TOI-858 B b","TOI-858 B",60.1998256,-54.5929177,250.48900000,11.1830000,2023,"Transit"
"K2-86 b","K2-86",51.5531053,18.6355718,258.69900000,13.0410000,2016,"Transit"
"K2-414 c","K2-414",351.6361913,-4.6066569,260.03600000,14.2890000,2022,"Transit"
"TOI-6019 b","TOI-6019",355.0913498,35.9408402,260.34200000,10.7910000,2026,"Transit"
"Kepler-267 c","Kepler-267",299.8305655,47.1575741,264.99300000,16.6900000,2014,"Transit"
"K2-326 b","K2-326",351.6122620,1.3375909,282.30800000,15.9820000,2020,"Transit"
"TOI-6695 b","TOI-6695",129.5720221,-23.5502170,282.53600000,10.7680000,2025,"Transit"
"Kepler-236 b","Kepler-236",283.8664285,39.8981928,288.76300000,16.0140000,2014,"Transit"
"K2-19 d","K2-19",174.9602543,0.6035960,289.82700000,13.0240000,2016,"Transit"
"Kepler-1124 b","Kepler-1124",286.5942529,37.8912836,289.89900000,16.7450000,2016,"Transit"
"Kepler-1782 b","Kepler-1782",280.9261620,44.0878036,305.79200000,13.8750000,2021,"Transit"
"K2-39 b","K2-39",338.3682095,-9.0229405,307.47000000,10.8310000,2016,"Transit"
"K2-195 c","K2-195",199.8315191,-8.5095364,315.01400000,12.5240000,2018,"Transit"
"EPIC 212587672 b","EPIC 212587672",205.4445125,-10.8625468,320.07000000,12.4880000,2019,"Transit"
"TOI-1296 b","TOI-1296",256.7706392,70.2384806,323.26500000,11.3700000,2021,"Transit"
"K2-187 b","K2-187",132.5235618,23.1924709,330.91600000,13.1020000,2018,"Transit"
"Kepler-134 c","Kepler-134",284.7391156,49.5984448,334.79700000,12.3180000,2014,"Transit"
"Kepler-61 b","Kepler-61",295.3044942,42.4753193,335.07900000,15.2770000,2013,"Transit"
"Kepler-26 b","Kepler-26",284.9410627,46.5664505,335.30700000,15.8530000,2011,"Transit"
"TOI-4562 b","TOI-4562",112.0100593,-63.5177788,339.60500000,12.1400000,2023,"Transit"
"Kepler-1350 c","Kepler-1350",288.2506110,46.6794847,340.69100000,16.5770000,2016,"Transit"
"TOI-791 c","TOI-791",118.4347574,-69.7017359,341.22100000,11.0930000,2026,"Transit"
"Kepler-81 d","Kepler-81",293.6369437,42.8248275,348.29100000,15.2580000,2014,"Transit"
"Kepler-132 c","Kepler-132",283.2358100,41.3430370,349.54900000,11.9220000,2014,"Transit"
"HAT-P-49 b","HAT-P-49",305.4413294,26.6926759,350.35100000,10.2050000,2014,"Transit"
"WASP-46 b","WASP-46",318.7370122,-55.8718634,375.31000000,13.0430000,2011,"Transit"
"KOI-142 b","KOI-142",291.1481028,40.6694130,376.86300000,13.2090000,2013,"Transit"
"TOI-5110 b","TOI-5110",94.4042694,31.6103309,392.25900000,11.0600000,2024,"Transit"
"WASP-37 b","WASP-37",221.9438866,1.0650227,392.79100000,12.8150000,2010,"Transit"
"TOI-2525 b","TOI-2525",86.8509737,-60.5213081,395.39800000,14.2160000,2023,"Transit"
"Kepler-83 b","Kepler-83",282.2325197,43.6655662,400.40900000,16.1450000,2012,"Transit"
"K2-392 b","K2-392",354.6499065,-7.4788816,406.98500000,12.9220000,2022,"Transit"
"TOI-3807 b","TOI-3807",139.1125648,69.0741284,421.74500000,11.8560000,2023,"Transit"
"Kepler-1934 b","Kepler-1934",290.9193265,37.2871677,428.51400000,12.8740000,2021,"Transit"
"Kepler-329 c","Kepler-329",299.2681646,45.2272852,439.71900000,15.8860000,2014,"Transit"
"Kepler-278 c","Kepler-278",290.1072124,38.7022694,443.03000000,11.8110000,2014,"Transit"
"Kepler-106 e","Kepler-106",300.8640060,44.3375497,444.32200000,12.9230000,2014,"Transit"
"KELT-16 b","KELT-16",314.2685227,31.6610186,444.58600000,11.7170000,2017,"Transit"
"TOI-4377 b","TOI-4377",164.9324709,-82.2213501,455.82000000,11.7070000,2023,"Transit"
"HAT-P-40 b","HAT-P-40",335.5129199,45.4573423,464.46900000,11.3400000,2012,"Transit"
"Kepler-932 b","Kepler-932",296.9520797,43.2720233,465.61200000,14.3080000,2016,"Transit"
"Kepler-1947 b","Kepler-1947",296.1040313,42.3425818,468.77100000,12.9730000,2021,"Transit"
"Kepler-900 b","Kepler-900",296.1772720,46.9989635,487.52500000,15.1900000,2016,"Transit"
"Kepler-931 b","Kepler-931",297.1326937,42.7682885,490.00000000,14.6430000,2016,"Transit"
"Kepler-1581 b","Kepler-1581",287.3713199,39.6036225,493.17500000,12.4420000,2016,"Transit"
"Kepler-198 d","Kepler-198",290.6731326,38.6910045,495.35800000,13.6840000,2016,"Transit"
"KOI-1831 d","Kepler-324",286.4714473,49.6490933,501.57400000,14.2220000,2018,"Transit"
"Kepler-241 c","Kepler-241",292.9131121,41.0609786,512.00000000,15.7080000,2014,"Transit"
"Kepler-199 c","Kepler-199",295.5594278,40.2362490,521.05400000,13.7960000,2014,"Transit"
"HATS-62 b","HATS-62",312.4493079,-24.3035060,523.06700000,14.1710000,2018,"Transit"
"Kepler-1408 b","Kepler-1408",282.6998783,45.4257884,535.04800000,12.1240000,2016,"Transit"
"Kepler-578 b","Kepler-578",288.7549882,39.5636960,541.43200000,14.5780000,2016,"Transit"
"Kepler-338 b","Kepler-338",282.9790593,40.7844188,552.79800000,12.1900000,2014,"Transit"
"Kepler-780 b","Kepler-780",281.7663511,44.2924898,557.65200000,13.4640000,2016,"Transit"
"Kepler-1771 b","Kepler-1771",292.0134714,49.0191267,565.75200000,13.8020000,2021,"Transit"
"Kepler-1248 b","Kepler-1248",288.0592191,51.3544564,593.02600000,12.9000000,2016,"Transit"
"Kepler-1995 b","Kepler-1995",284.3427250,46.3165907,595.33100000,15.5160000,2023,"Transit"
"TOI-5592 b","TOI-5592",106.6800684,65.8572490,597.02600000,12.6140000,2025,"Transit"
"Kepler-310 b","Kepler-310",288.8392780,46.9867472,602.26800000,14.3760000,2014,"Transit"
"Kepler-520 b","Kepler-520",293.1802903,41.6177408,623.90100000,12.7980000,2016,"Transit"
"Kepler-1664 b","Kepler-1664",286.8527157,49.2616668,626.69100000,13.6210000,2020,"Transit"
"Kepler-522 b","Kepler-522",288.1539730,44.0688154,639.23900000,12.2200000,2016,"Transit"
"Kepler-57 c","Kepler-57",293.6413146,44.6570692,644.14000000,15.0170000,2012,"Transit"
"Kepler-239 b","Kepler-239",294.2020505,40.6633313,648.10900000,15.2520000,2014,"Transit"
"BD+48 740 b","BD+48 740",40.7425426,48.9300579,666.58900000,8.6900000,2018,"Radial Velocity"
"Kepler-464 b","Kepler-464",294.8351052,48.9823204,667.60400000,12.7500000,2016,"Transit"
"Kepler-633 b","Kepler-633",295.2173259,40.5921599,680.54000000,13.8120000,2016,"Transit"
"Kepler-1827 b","Kepler-1827",292.2525301,40.7927895,686.46100000,13.2280000,2021,"Transit"
"Kepler-586 b","Kepler-586",293.0571982,45.5511266,693.76600000,14.4350000,2016,"Transit"
"Kepler-1435 b","Kepler-1435",291.1732806,44.9210836,704.21100000,12.9840000,2016,"Transit"
"Qatar-7 b","Qatar-7",358.5151344,37.0218242,705.98100000,13.1340000,2019,"Transit"
"Kepler-1681 b","Kepler-1681",296.6972773,46.3716969,758.30000000,14.6460000,2020,"Transit"
"Kepler-751 b","Kepler-751",294.8438103,44.0776872,760.43000000,15.2110000,2016,"Transit"
"Kepler-1206 b","Kepler-1206",295.9383737,49.7911337,762.01900000,15.9710000,2016,"Transit"
"Kepler-1590 b","Kepler-1590",291.4079141,48.0178915,771.15200000,14.1860000,2016,"Transit"
"Kepler-1434 b","Kepler-1434",295.5384415,51.2030002,775.52900000,12.1980000,2016,"Transit"
"Kepler-1300 b","Kepler-1300",289.0330532,40.0869182,777.02500000,12.8610000,2016,"Transit"
"HATS-8 b","HATS-8",294.9416887,-25.7483655,794.63700000,14.5120000,2015,"Transit"
"Kepler-500 b","Kepler-500",295.9513472,43.8519884,807.48000000,14.3240000,2016,"Transit"
"Kepler-371 c","Kepler-371",292.3264835,38.6575441,813.19200000,13.9970000,2014,"Transit"
"Kepler-377 c","Kepler-377",295.4220717,38.7356737,823.80400000,14.0810000,2014,"Transit"
"Kepler-1872 b","Kepler-1872",281.0491988,43.3225996,840.18200000,15.9660000,2021,"Transit"
"Kepler-1127 b","Kepler-1127",293.2173563,42.7205846,842.45900000,15.1620000,2016,"Transit"
"Kepler-1309 b","Kepler-1309",298.7351131,40.7641262,845.00000000,16.5119000,2016,"Transit"
"Kepler-1467 b","Kepler-1467",295.0485389,45.3426781,852.88800000,15.8300000,2016,"Transit"
"Kepler-1344 b","Kepler-1344",287.0862799,46.9457998,853.95900000,14.1920000,2016,"Transit"
"Kepler-1610 c","Kepler-1610",295.9049795,45.4054296,864.33100000,16.0770000,2023,"Transit"
"KOI-1783.01","KOI-1783",289.3414629,46.9881550,865.73000000,13.9780000,2020,"Transit"
"Kepler-487 d","Kepler-487",295.2872318,41.2220033,872.34300000,14.8820000,2021,"Transit"
"K2-97 b","K2-97",127.7628370,10.8475571,878.43000000,12.4860000,2016,"Transit"
"Kepler-656 b","Kepler-656",288.3278778,47.3815380,890.35200000,15.5490000,2016,"Transit"
"Kepler-82 c","Kepler-82",292.8733696,42.9661583,904.32600000,15.1310000,2012,"Transit"
"Kepler-1234 b","Kepler-1234",287.5220359,51.3759464,916.74900000,15.9150000,2016,"Transit"
"Kepler-430 c","Kepler-430",292.8085984,49.5794242,917.47700000,13.9080000,2015,"Transit"
"Kepler-770 b","Kepler-770",286.4904589,38.3748720,930.45700000,14.8520000,2016,"Transit"
"Kepler-869 b","Kepler-869",289.4245955,50.9941198,939.45500000,15.1220000,2016,"Transit"
"Kepler-350 b","Kepler-350",285.4195845,39.7061009,956.85900000,13.9650000,2014,"Transit"
"Kepler-1781 b","Kepler-1781",291.7114906,42.3415097,962.63000000,15.7130000,2021,"Transit"
"Kepler-188 c","Kepler-188",281.2797173,44.3154743,968.54400000,14.7190000,2014,"Transit"
"Kepler-397 c","Kepler-397",295.8940373,42.3805156,969.00000000,16.3570000,2014,"Transit"
"Kepler-58 b","Kepler-58",296.3586251,39.1152033,969.25200000,15.0860000,2012,"Transit"
"OGLE-2019-BLG-0960L b","OGLE-2019-BLG-0960L",274.0142917,-25.7746667,980.00000000,,2021,"Microlensing"
"Kepler-638 b","Kepler-638",284.9194213,41.6172093,991.21400000,13.6580000,2016,"Transit"
"Kepler-1580 b","Kepler-1580",285.9687099,41.3635264,1002.02000000,12.6350000,2016,"Transit"
"Kepler-418 b","Kepler-418",294.4335228,38.3554729,1002.53000000,14.8240000,2014,"Transit"
"Kepler-546 b","Kepler-546",283.2575730,40.9904095,1019.65000000,14.3250000,2016,"Transit"
"Kepler-1808 b","Kepler-1808",287.2924737,39.3832039,1022.01000000,15.4240000,2021,"Transit"
"Kepler-122 f","Kepler-122",291.1118647,39.9490248,1027.45000000,14.4030000,2014,"Transit Timing Variations"
"Kepler-1600 c","Kepler-1600",291.3993802,38.7877563,1030.81000000,16.0760000,2021,"Transit"
"Kepler-279 c","Kepler-279",287.3912950,42.1948220,1037.40000000,13.6470000,2013,"Transit"
"Kepler-27 c","Kepler-27",292.2367608,41.0858710,1044.36000000,15.8220000,2011,"Transit"
"Kepler-341 c","Kepler-341",289.8615609,43.4727412,1047.03000000,14.7390000,2014,"Transit"
"Kepler-764 b","Kepler-764",297.3931183,47.1645814,1047.84000000,15.5550000,2016,"Transit"
"Kepler-299 d","Kepler-299",283.2070156,48.5805222,1052.24000000,15.2320000,2014,"Transit"
"Kepler-1886 b","Kepler-1886",296.2645118,39.4059745,1059.51000000,15.6270000,2021,"Transit"
"KIC 8540376 c","KOI-7892",282.3775397,44.6945690,1072.30000000,14.4110000,2015,"Transit"
"CoRoT-35 b","CoRoT-35",289.3143526,-2.7747085,1123.21000000,15.6350000,2022,"Transit"
"Kepler-501 c","Kepler-501",297.2014919,41.7301534,1125.24000000,14.8860000,2021,"Transit"
"Kepler-1538 b","Kepler-1538",283.3456110,45.2743573,1125.30000000,15.5510000,2016,"Transit"
"Kepler-1685 b","Kepler-1685",296.1882618,43.9368118,1141.89000000,16.0960000,2020,"Transit"
"Kepler-276 d","Kepler-276",293.5681970,39.0363123,1144.86000000,15.4810000,2013,"Transit"
"Kepler-24 e","Kepler-24",290.4132621,38.3437283,1156.81000000,15.0400000,2014,"Transit"
"KOI-134 b","KOI-134",295.5865980,45.3649371,1159.21000000,13.7730000,2025,"Transit"
"CoRoT-17 b","CoRoT-17",278.6992360,-6.6122880,1176.12000000,16.2900000,2011,"Transit"
"Kepler-606 b","Kepler-606",292.4273700,44.3812406,1215.11000000,14.8950000,2016,"Transit"
"Kepler-1503 b","Kepler-1503",293.7271604,42.8067119,1225.57000000,15.8920000,2016,"Transit"
"Kepler-375 b","Kepler-375",288.6178715,48.0983639,1238.81000000,15.6430000,2014,"Transit"
"Kepler-1102 b","Kepler-1102",281.3225917,48.0664955,1246.05000000,14.9280000,2016,"Transit"
"Kepler-1575 b","Kepler-1575",293.7432102,45.7615507,1246.92000000,15.5300000,2016,"Transit"
"Kepler-265 e","Kepler-265",290.5104788,41.2447430,1280.25000000,15.4700000,2014,"Transit"
"Kepler-750 c","Kepler-750",289.0968274,44.0043640,1296.02000000,14.6340000,2016,"Transit"
"K2-308 b","K2-308",78.3391194,16.4141986,1314.53000000,15.0720000,2019,"Transit"
"Kepler-797 b","Kepler-797",297.2089078,41.7816450,1315.26000000,14.7510000,2016,"Transit"
"Kepler-282 b","Kepler-282",284.6772402,44.7976401,1337.61000000,15.4440000,2014,"Transit"
"Kepler-1812 b","Kepler-1812",298.0845087,40.2832525,1409.19000000,15.6310000,2021,"Transit"
"Kepler-590 b","Kepler-590",296.3855467,48.2334177,1421.81000000,14.5540000,2016,"Transit"
"Kepler-117 c","Kepler-117",288.7930651,48.0401760,1455.57000000,14.2820000,2014,"Transit"
"Kepler-1154 c","Kepler-1154",297.4771158,39.8772345,1460.10000000,14.9530000,2016,"Transit"
"Kepler-863 b","Kepler-863",297.6644677,43.2489903,1499.66000000,15.5670000,2016,"Transit"
"Kepler-758 c","Kepler-758",293.0846115,41.1354049,1502.32000000,14.3790000,2016,"Transit"
"Kepler-855 b","Kepler-855",295.0949565,43.5375650,1506.58000000,15.1570000,2016,"Transit"
"Kepler-666 b","Kepler-666",298.4568899,48.7915925,1508.71000000,15.4220000,2016,"Transit"
"Kepler-1589 b","Kepler-1589",294.4418236,40.5716114,1513.14000000,15.0740000,2016,"Transit"
"Kepler-1851 b","Kepler-1851",285.6737597,45.6398375,1589.81000000,15.6990000,2021,"Transit"
"Kepler-729 b","Kepler-729",286.3600604,45.4142664,1921.15000000,15.5670000,2016,"Transit"
"Kepler-1250 b","Kepler-1250",287.7938184,45.9802492,2126.85000000,15.6930000,2016,"Transit"
"Kepler-1403 b","Kepler-1403",290.8676391,38.9600779,2163.90000000,15.7130000,2016,"Transit"
"KMT-2019-BLG-1367L b","KMT-2019-BLG-1367L",272.4713333,-29.7622111,4670.00000000,,2023,"Microlensing"
"KMT-2021-BLG-1547L b","KMT-2021-BLG-1547L",272.3995833,-29.0839389,5070.00000000,,2023,"Microlensing"
"KMT-2023-BLG-2209L b","KMT-2023-BLG-2209L",268.9942083,-29.3056694,5570.00000000,,2025,"Microlensing"
"OGLE-2019-BLG-1492L b","OGLE-2019-BLG-1492L",270.0964583,-28.6311389,5600.00000000,,2022,"Microlensing"
"OGLE-2017-BLG-0373L b","OGLE-2017-BLG-0373L",269.3294067,-31.9517231,5915.00000000,,2018,"Microlensing"
"KMT-2021-BLG-0748L b","KMT-2021-BLG-0748L",272.4213333,-25.7465806,6090.00000000,,2022,"Microlensing"
"KMT-2016-BLG-0212L b","KMT-2016-BLG-0212L",268.4392500,-29.0868889,6300.00000000,,2018,"Microlensing"
"UKIRT-2017-BLG-001L b","UKIRT-2017-BLG-001L",266.6540830,-29.2113609,6300.00000000,,2018,"Microlensing"
"OGLE-2016-BLG-1800L b","OGLE-2016-BLG-1800L",269.9032083,-30.8653611,6480.00000000,,2024,"Microlensing"
"OGLE-2016-BLG-0263L b","OGLE-2016-BLG-0263L",269.8954160,-31.8186111,6500.00000000,,2017,"Microlensing"
"MOA-2007-BLG-400L b","MOA-2007-BLG-400L",272.4249167,-29.2241528,6890.00000000,,2008,"Microlensing"
"OGLE-2017-BLG-0364L b","OGLE-2017-BLG-0364L",265.2278750,-34.6175833,7860.00000000,,2024,"Microlensing"
"Kepler-1737 b","Kepler-1737",297.0148111,47.4864170,,15.4980000,2021,"Transit"
